Query_ID	Target_ID	Optimal_offset	p-value	E-value	q-value	Overlap	Query_consensus	Target_consensus	Orientation
AACCTAAGGCAGGCACAGTCACGATTACTCSGCCTC	MA1730.2	-10	0.00132454	3.10737	1	9	AACCTAAGGCAGGCACAGTCACGATTACTCGGCCTC	AGGCACAGC	-
AACCTAAGGCAGGCACAGTCACGATTACTCSGCCTC	MA1995.2	-17	0.00156217	3.66485	1	7	AACCTAAGGCAGGCACAGTCACGATTACTCGGCCTC	GTCACGA	-
AACCTAAGGCAGGCACAGTCACGATTACTCSGCCTC	MA0573.2	-17	0.00279837	6.56498	1	15	AACCTAAGGCAGGCACAGTCACGATTACTCGGCCTC	GTAATGATTACTCGC	+
AACCTAAGGCAGGCACAGTCACGATTACTCSGCCTC	MA0506.3	-6	0.00302733	7.10212	1	12	AACCTAAGGCAGGCACAGTCACGATTACTCGGCCTC	GCGCAGGCGCAG	-
AACCTAAGGCAGGCACAGTCACGATTACTCSGCCTC	MA1764.2	-5	0.00362253	8.49845	1	10	AACCTAAGGCAGGCACAGTCACGATTACTCGGCCTC	AAGTTAGGCA	-

# Tomtom (Motif Comparison Tool): Version 5.5.8 compiled on May 29 2025 at 14:09:02
# The format of this file is described at https://meme-suite.org/meme/doc/tomtom-output-format.html.
# tomtom -no-ssc -oc ../tomtom/Actinopterygii -min-overlap 5 -dist pearson -evalue -thresh 10.0 -mi 2 ../meme/Actinopterygii/meme.txt /home/artemvaska/meme-5.5.8/dbs/JASPAR2024_ALL.meme
