org_name	intron_length	site_seq	highlight_coords
Ictalurus_punctatus	1211	AGGCGAGTATGGAAGGCTGGATAGCCCATGACGGGTAAGATCCCACCTCGAAACCCCGGG	(2526, 2586)
Chanos_chanos	934	AGGCGAGTATGGAAGGCTGGATAGCCCATGACGGGTAAGATCCCACCTCGAAACCCCGGG	(2385, 2445)
Sinocyclocheilus_rhinocerous	909	AGGCGAGTATGGAAGGCTGGATAGCCCATGACGGGTAAGATCCCACCTCGAAACCCCGGG	(2318, 2378)
Carassius_auratus	1187	AGGCGAGTATGGAAGGCTGGATAGCCCATGACGGGTAAGATCCCACCTCGAAACCCTGGG	(2055, 2115)
Denticeps_clupeoides	1178	AGGCGAGTATGGAAGGCTGGATAGCCCATGACGGGTAAGATCCCACCTCGAAACCCTGGG	(2097, 2157)
Pygocentrus_nattereri	1180	AGGCGAGTATGGAAGGCTGGATAGCCCATGACGGGTAAGATCCCACCTCGAAACCCTGGG	(2747, 2807)
Pangasianodon_hypophthalmus	1184	AGGCGAGTATGGAAGGCTGGATAGCCCATGACGGGTAAGATCCCACCTCGAAACCCTGGG	(2274, 2334)
Sinocyclocheilus_grahami	1161	AGGCGAGTATGGAAGGCTGGATAGCCCATGACGGGTAAGATCCCACCTCGAAACCCTGGG	(2166, 2226)
Danio_rerio	896	AGGCGAGTATGGAAGGCTGGATAGCCCATGACGGGTAAGATCCCACCTCGAAACCCTGGG	(2941, 3001)
Electrophorus_electricus	804	AGGCGAGTATGGAAGGCTGGATAGCCCATGACGGGTAAGATCCCACCTCGAAACCCTGGG	(3106, 3166)
Tachysurus_fulvidraco	1018	AGGCGAGTATGGAAGGCTGGATAGCCCATGACGGGTAAGATCCCACCTCGAAACCTCGGG	(2267, 2327)
Sinocyclocheilus_anshuiensis	1256	AGGCGAGTATGGAAGGCTGGATAGCCCATGACGGGTAAGATCCCACCTCGAAACCTCGGG	(2074, 2134)
Astyanax_mexicanus	922	AGGCGAGTATGGAAGGCTGGATAGCCCATGACGGGTAAGATCCCACCTTGAAACCCCGGG	(2116, 2176)
Colossoma_macropomum	1176	AGGCGAGTATGGAAGGCTGGATAGCCCATGACGGGTAAGATCCCACCTTGAAACCCCGGG	(3388, 3448)
Puntigrus_tetrazona	889	AGGCGAGTATGGAAGGCTGGATAGCCCATGACGGGTAAGATCCCACCTTGAAACCCCGGG	(2039, 2099)
Clupea_harengus	1337	AGGCGAGTATGGAAGGCTGGTTAGCCCATGACGGGTAAGATCCCACCTCGAAACCCCGGG	(2051, 2111)
Salarias_fasciatus	1081	AGGCGAGTATGGAAGGCTGGATAGCCCATGACGGGTAAGATCCCACCTCAAAACCCCGGG	(2045, 2105)
Poecilia_mexicana	914	AGGCGAGTATGGAAGGCTGGATAGCCAATGACGGGTAAGATCCCACCTCGAAACCTCGGG	(2306, 2366)
Xiphophorus_couchianus	910	AGGCGAGTATGGAAGGCTGGATAGCCAATGACGGGTAAGATCCCACCTCGAAACCTCGGG	(2333, 2393)
Cottoperca_gobio	870	AGGCGAGTATGGAAGGCTGGATAGCCCATGACGGGTAAGATCCCACCTTGAAACCCTGGG	(2070, 2130)
Cyprinodon_variegatus	879	AGGCGAGTATGGAAGGCTGGATAGCCCATGACGGGTAAGATCCCACCTCCAAACCCTGGG	(1919, 1979)
Gouania_willdenowi	966	AGGCGAGTATGGAAGGCTGGATAGCCCATGACGGGTAAGATCCCACCTCCAAACCCTGGG	(1260, 1320)
Poecilia_reticulata	967	AGGCGAGTATGGAAGGCTGGATAGCCTATGACGGGTAAGATCCCACCTCGAAACCCTGGG	(2038, 2098)
Takifugu_rubripes	1007	AGGCGAGTATGGAAGGCTGGATAGCCCATGACGGGTAAGATCCCACCTCCAAACCTCGGG	(1994, 2054)
Notothenia_coriiceps	889	AGGCGAGTATGGAAGGCTGGATAGCCTATGACGGGTAAGATCCCACCTCGAAACCTCGGG	(2042, 2102)
Myripristis_murdjan	917	AGGCGAGTATGGAAGGCTGGATAGCCTATGACGGGTAAGATCCCACCTCGAAACCTCGGG	(2258, 2318)
Betta_splendens	853	AGGCGAGTATGGAAGGCTGGATAGCCCATGACGGGTAAGATCCCACCTCAAAACCTCGGG	(1885, 1945)
Etheostoma_spectabile	891	AGGCGAGTATGGAAGGCTGGATAGCCCATGACGGGTAAGATCCCACCTCAAAACCTCGGG	(2172, 2232)
Salmo_salar	917	AGGCGAGTATGGAAGGCTGGATAGCCTATGACGGGTAAGATCCCACCTCGAAACCTCGGG	(2388, 2448)
Larimichthys_crocea	889	AGGCGAGTATGGAAGGCTGGATAGCCTATGACGGGTAAGATCCCACCTCGAAACCTCGGG	(2167, 2227)
Lates_calcarifer	910	AGGCGAGTATGGAAGGCTGGATAGCCAATGACGGGTAAGATCCCACCTCGAAACCTTGGG	(2008, 2068)
Stegastes_partitus	861	AGGCGAGTATGGAAGGCTGGATAGCCTATGACGGGTAAGATCCCACCTTGAAACCCTGGG	(2071, 2131)
Fundulus_heteroclitus	858	AGGCGAGTATGGAAGGCTGGATAGCCTATGACGGGTAAGATCCCACCTCAAAACCCTGGG	(1679, 1739)
Sparus_aurata	1059	AGGCGAGTATGGAAGGCTGGATAGCCGATGACGGGTAAGATCCCACCTCGAAACCTCGGG	(1955, 2015)
Anarrhichthys_ocellatus	805	AGGCCAGTATGGAAGGCTGGATAGCCTATGACGGGTAAGATCCCACCTTGAAACCTCGGG	(2023, 2083)
Boleophthalmus_pectinirostris	631	AGGCGAGTATGGAAGGCTGGATAGCCGATGACGGGTAAGATCCCACCTCCAAACCTCGGG	(1951, 2011)
Xiphophorus_maculatus	969	AGGCGAGTATGGAAGGCTGGATAGCCTATGACGGGTAAGATCCCACCTCGAAACCCAGGG	(2307, 2367)
Anabas_testudineus	907	AGGCGAGTATGGAAGGCTGGATAGCCTATGACGGGTAAGATCCCACCTTGAAATCTCGGG	(2290, 2350)
Mastacembelus_armatus	959	AGGCGAGTATGGAAGGCTGGATAGCCTATGACGGGTAAGATCCCACCTTGAAATCTCGGG	(2089, 2149)
Acanthochromis_polyacanthus	889	AGGCGAGTATGGAAGGCTGGATAGCTCATGACGGGTAAGATCCCACCTCAAAACCCCGGG	(2883, 2943)
Haplochromis_burtoni	888	AGGCCAGTATGGAAGGCTGGATAGCCTATGACGGGTAAGATCCCACCTTCAAACCCGGGA	(2313, 2373)
Nothobranchius_furzeri	884	AGGCGAGTATGGAAGGCTGGATAGCTCATGACGGGTAAGATCCCACCTCAAAATCCTGGG	(1985, 2045)
Paralichthys_olivaceus	796	AGGCGAGTATGGAAGGCTGGATGGCCGATGACGGGTAAGATCCCACCTTGAAACCCTGGG	(2126, 2186)
Maylandia_zebra	1207	AGACGAGTATGGAAGGCTGGATAGCCAATGACGGGTAAGATCCCACCTTCAAACCTCGGG	(2093, 2153)
Labrus_bergylta	2343	AGGCGAGTATGGCAGGCTGGTTAGCCCATGACGGGTAAGATCCCACCTCCAATCCCCGGG	(2106, 2166)
Parambassis_ranga	1733	AGGCGAGTATGGAAGGCTGGATAGCCTATGACGGGTAAGATCCCACCTCAAAAACATGGG	(2248, 2308)
Sander_lucioperca	829	AGGCGAGTATGGAAGGCTGGATAGCCCATGACGGGTAAGATCCCACCTTTGAAACCCCGG	(1992, 2052)
Oryzias_latipes	865	AGGCCGGTATGGAAGGCTGGTTAGCCTATGACGGGTAAGATCCCACCTTGTAATCCCGGG	(1964, 2024)
Archocentrus_centrarchus	1282	AGGCGAGTATGGAAGGCTGGATAGCCCATGACGGGTAAGATCCCACTGCCAACCCCGGGA	(1903, 1963)
Esox_lucius	1097	TGGCCAGTGAGGAAGGCTGGTTAGCCAACGACGGGTAAGATCCCACCACAAAACCTGGGA	(1936, 1996)
Monopterus_albus	780	AGGCGGGTATGGAAGGCTGGATAGCCCATGACGGGTAAGATCCCACCTCTGAAACTTTGG	(1974, 2034)
Echeneis_naucrates	1391	TGGCCAGTGAGGAAGGCTGGTTAGCCAATGACGGGTAAGATCCCACCTTCAGTATTTGGG	(2076, 2136)
Sphaeramia_orbicularis	1316	TGGCCAGTGAGGAAGGCTGGTTAGCCAATGACGGGTAAGATCCCACTCTGAACATTTGGG	(1987, 2047)
Xiphophorus_hellerii	1008	TGGCCAGTGAGGAAGGCTGGTTAGCCAAAGACGGGTAAGATCCCACCACAAACCAGGGAC	(2045, 2105)
Poecilia_latipinna	1207	TGGCCAGTGAAGAGGGCTGGTTAGCCAATGACGGGTAAGATCCCACCTTTGATACCGGGA	(2309, 2369)
Pundamilia_nyererei	1022	TTGCCAGTAAGGTAGGCTGGTTAGTCAATGACGGGTAAGATCCCACCTTCAATCATTGGG	(2159, 2219)
Hippocampus_comes	1869	TGGCCAGTGACGAAGGCTGGTTAGCCAAAGACGGGTAAGATCCCACCATAAACTCGGGAC	(2051, 2111)
Poecilia_formosa	962	TGGCCAGTGAAGAGGGCTGGTTAGCCAATGACGGGTAAGATCCCAACTTTGATACCGGGA	(2265, 2325)
Oreochromis_niloticus	1174	TGGCCAGTGAAGAGGGCTGGTTAGCCAAAGACGGGTAAGATCCCACCACAAACCAGGGAC	(2030, 2090)
Kryptolebias_marmoratus	1034	TGGCCAGTGAGGAAGGCTGGTTAGCCAAAGACGGGTAAGATCCCAACACAAGCCAGGGAC	(2307, 2367)
Oryzias_melastigma	1469	TGGCCAGTGACGAAGGCTGGTTAGCCAAAGACGGGTAAGATCCCAACATAAACTCGGGAC	(2078, 2138)
Amphiprion_ocellaris	1666	TGGCCAGTGACGAAGGCTGGTTAGCCAAAGACGGGTAAGATCCCTCCATAAACTTGGGAC	(2039, 2099)
Seriola_dumerili	1038	TTGTCAGTGAAGACGGCTGGTTAGCCATTGACGGGTAAGATCCCACCTTCATTCTCTGGG	(2316, 2376)
Oreochromis_aureus	2016	TGTGGCCAGTGAGAGGCTGGTTAGTCAACGACGGGTAAGATCCCACCTTTTGATTCTGGG	(2151, 2211)
Perca_flavescens	1211	TGTGGCCAGTGAGAGGCTGGTTAGTCAACGACGGGTAAGATCCCACCTTTTGATTCTGGG	(2131, 2191)
Gadus_morhua	1258	TGTGGCCAGTGAGAGGCTGGTTAGTCAACGACGGGTAAGATCCCACCTTTTGATTCTGGG	(2152, 2212)
Astatotilapia_calliptera	1020	TGGCCAGTGAAGAAGGCTGGTTAGCCAATGACGGGTAAGATCCCTGTGAGTTTGGGGCAA	(2517, 2577)
