sub_phylum	org_name	site_type	site_seq	maxentscore
Bivalvia	Magallana_gigas	donor	TAGGTAATG	7.57
Bivalvia	Magallana_gigas	acceptor	ACAAATTTGATTCATTTTAGTGC	6.70
Bivalvia	Mya_arenaria	donor	CAGGTAATC	6.99
Bivalvia	Mya_arenaria	acceptor	TTGTTTATTTTATGTTTCAGTGG	9.29
Bivalvia	Crassostrea_virginica	donor	TAGGTAAAA	6.02
Bivalvia	Crassostrea_virginica	acceptor	ACAAGTGTGATTCATTTTAGTGC	5.59
Bivalvia	Mercenaria_mercenaria	donor	CAGGTAAAC	7.82
Bivalvia	Mercenaria_mercenaria	acceptor	ATGCTTAACATTTATTTCAGTGC	5.76
Bivalvia	Dreissena_polymorpha	donor	CAGGTAAAC	7.82
Bivalvia	Dreissena_polymorpha	acceptor	TCTTTCATTTATTGTTCCAGTGC	8.77
Bivalvia	Ruditapes_philippinarum	donor	CAGGTAAAC	7.82
Bivalvia	Ruditapes_philippinarum	acceptor	GCTTGAACATTTCTTTTCAGTGC	6.20
Bivalvia	Mactra_antiquata	donor	CAGGTAAAC	7.82
Bivalvia	Mactra_antiquata	acceptor	TAAGTTTGTTATTCTTTCAGTGC	6.89
Bivalvia	Mytilus_coruscus	donor	TAGGTAATA	6.84
Bivalvia	Mytilus_coruscus	acceptor	ACTGCTTTCTTTTGTTTCAGTGC	11.35
Bivalvia	Potamilus_streckersoni	donor	TAGGTAATG	7.57
Bivalvia	Potamilus_streckersoni	acceptor	ATGCAGTGGTTTCATTTCAGTGC	4.60
Bivalvia	Saccostrea_echinata	donor	TAGGTAATG	7.57
Bivalvia	Saccostrea_echinata	acceptor	ATGAAATTTATTCATTTTAGTGC	6.33
Bivalvia	Mytilus_edulis	donor	TAGGTAATA	6.84
Bivalvia	Mytilus_edulis	acceptor	ACAGATTTCTTTTCTTTCAGTGC	8.08
Bivalvia	Mytilus_trossulus	donor	TAGGTAATA	6.84
Bivalvia	Mytilus_trossulus	acceptor	ACAGATTTCTTTTCTTTCAGTGC	8.08
Bivalvia	Pecten_maximus	donor	AAGGTAATA	8.49
Bivalvia	Pecten_maximus	acceptor	GGCCTCTTGTTATGTTGCAGTGC	7.59
Bivalvia	Ostrea_edulis	donor	TAGGTAATG	7.57
Bivalvia	Ostrea_edulis	acceptor	ACAAACTTGATACATTTTAGCGC	5.22
Bivalvia	Mizuhopecten_yessoensis	donor	TAGGTAATA	6.84
Bivalvia	Mizuhopecten_yessoensis	acceptor	CGATAGATTTTATGTTGCAGTGC	4.46
Bivalvia	Saccostrea_cuccullata	donor	TAGGTAATG	7.57
Bivalvia	Saccostrea_cuccullata	acceptor	ATCAAATTTATTCATTTTAGTGC	6.35
Bivalvia	Solemya_velum	donor	TAGGTATTG	5.64
Bivalvia	Solemya_velum	acceptor	TTATCTCGCCTTGCTTTCAGTGC	8.29
Bivalvia	Ylistrum_balloti	donor	TAGGTAATA	6.84
Bivalvia	Ylistrum_balloti	acceptor	TGATAGCTTTTATGTTCCAGTGC	5.37
Bivalvia	Magallana_angulata	donor	TAGGTAATG	7.57
Bivalvia	Magallana_angulata	acceptor	ACAAATTTGATTCATTTTAGTGC	6.70
Bivalvia	Argopecten_irradians	donor	TAGGTAATA	6.84
Bivalvia	Argopecten_irradians	acceptor	TGTTAGTCTTTATGTTGTAGCGC	6.66
Bivalvia	Mytilus_californianus	donor	TAGGTAATA	6.84
Bivalvia	Mytilus_californianus	acceptor	ACTGATTTCTTTTGTTTCAGTGC	9.32
Bivalvia	Pinctada_imbricata	donor	GAGGTAATC	7.05
Bivalvia	Pinctada_imbricata	acceptor	CTACAACAATATCTTTCTAGTGC	4.10
Bivalvia	Sinanodonta_woodiana	donor	TAGGTAATG	7.57
Bivalvia	Sinanodonta_woodiana	acceptor	ATGTAGTTGTTTCATTTCAGTGC	6.08
